INSERT INTO users (email, password)
VALUES ('faucibus@malesuada.com', 'sodales.'),
       ('primis.in.faucibus@bibendumfermentum.org', 'nonummy'),
       ('eleifend.egestas@atsem.org', 'tellus.'),
       ('velit.egestas.lacinia@sollicitudin.co.uk', 'Phasellus'),
       ('tortor.dictum@purus.com', 'vel,'),
       ('nec.leo@aliquam.edu', 'neque'),
       ('erat.Sed.nunc@tellusnonmagna.ca', 'metus.'),
       ('dapibus.quam@ac.org', 'ornare,'),
       ('posuere.at@cursusnon.org', 'Aenean'),
       ('eu.nibh.vulputate@fringillami.ca', 'in'),
       ('Fusce.mi@nunc.com', 'enim'),
       ('eu.placerat@ante.ca', 'mollis'),
       ('in.molestie@urnaconvallis.co.uk', 'nec'),
       ('vulputate.dui@lorem.co.uk', 'Proin'),
       ('vitae.velit@interdumliberodui.ca', 'vel,'),
       ('magna@euodioPhasellus.org', 'eget'),
       ('erat.semper.rutrum@risusDonec.org', 'nunc'),
       ('massa@bibendum.co.uk', 'nisl'),
       ('sollicitudin@risus.net', 'a,'),
       ('ut.mi.Duis@consectetuereuismod.edu', 'turpis.'),
       ('magna@SednequeSed.net', 'Duis'),
       ('neque@sollicitudin.edu', 'nibh'),
       ('sed@non.edu', 'tristique'),
       ('lacus.Mauris.non@liberoestcongue.com', 'pharetra.'),
       ('felis.Nulla@nec.net', 'ante,'),
       ('morbi.tristique.senectus@odiosempercursus.net', 'mus.'),
       ('risus@Proinnon.co.uk', 'nec'),
       ('malesuada.vel@disparturientmontes.ca', 'sit'),
       ('amet.consectetuer@elementumsem.org', 'egestas.'),
       ('ipsum.dolor.sit@dapibusligulaAliquam.ca', 'lobortis,'),
       ('diam.Sed.diam@ornaretortorat.com', 'Curabitur'),
       ('quis.accumsan.convallis@vulputateveliteu.ca', 'justo.'),
       ('id.ante.Nunc@orciUtsagittis.net', 'ligula.'),
       ('Pellentesque@non.com', 'eget'),
       ('arcu.ac@enim.co.uk', 'dis'),
       ('cubilia.Curae.Phasellus@libero.com', 'amet,'),
       ('quis.tristique.ac@Donecatarcu.ca', 'porttitor'),
       ('tristique@nibhPhasellusnulla.org', 'velit'),
       ('vestibulum.massa.rutrum@malesuadautsem.co.uk', 'libero'),
       ('Nulla@Donecluctus.co.uk', 'tincidunt'),
       ('vitae.erat.vel@Duis.com', 'nascetur'),
       ('ac.urna.Ut@turpisegestas.com', 'Phasellus'),
       ('scelerisque.mollis.Phasellus@egetvarius.com', 'natoque'),
       ('nibh.Phasellus.nulla@quamquisdiam.net', 'ligula'),
       ('arcu.Aliquam.ultrices@tempuslorem.edu', 'nunc'),
       ('felis.adipiscing@eros.edu', 'a'),
       ('id.risus@pellentesquemassa.com', 'eu,'),
       ('vestibulum.Mauris@feugiatSed.com', 'nunc'),
       ('ac@velitPellentesqueultricies.ca', 'amet'),
       ('sagittis.felis@posuerecubilia.org', 'tincidunt'),
       ('libero@euaccumsan.ca', 'purus.'),
       ('tincidunt@Phasellusdolor.co.uk', 'orci,'),
       ('vel.nisl@etarcuimperdiet.net', 'gravida'),
       ('nisl@Nullam.edu', 'odio'),
       ('a@semperauctorMauris.net', 'magna'),
       ('tempor.arcu.Vestibulum@congueIn.com', 'urna.'),
       ('magnis@etlaciniavitae.co.uk', 'Phasellus'),
       ('Nunc.commodo.auctor@Nam.ca', 'ac'),
       ('a@egetlaoreetposuere.ca', 'elit,'),
       ('Phasellus.nulla@duiFusce.co.uk', 'amet'),
       ('magna.Lorem.ipsum@sitametlorem.co.uk', 'Mauris'),
       ('fringilla@nec.edu', 'Quisque'),
       ('enim@Fuscefermentum.com', 'auctor,'),
       ('sodales.nisi.magna@cursuseteros.com', 'risus.'),
       ('sollicitudin.a.malesuada@et.co.uk', 'orci'),
       ('elit.pede.malesuada@Fuscealiquam.org', 'sed'),
       ('netus.et@enimcondimentumeget.co.uk', 'nec,'),
       ('sit@Fusce.net', 'pellentesque,'),
       ('ultrices@tinciduntadipiscing.co.uk', 'mauris,'),
       ('Cras@utcursus.com', 'Cum'),
       ('ac.risus.Morbi@nulla.net', 'Pellentesque'),
       ('lorem@tempordiamdictum.com', 'Duis'),
       ('gravida.sit.amet@etmagnis.edu', 'eu'),
       ('eget.dictum@Aliquam.com', 'Morbi'),
       ('ultricies.sem@maurisSuspendisse.edu', 'urna.'),
       ('sagittis.augue@quam.com', 'ac'),
       ('tellus@hendrerit.co.uk', 'lacus.'),
       ('ridiculus.mus@faucibusut.org', 'ad'),
       ('congue.elit@nonmassa.edu', 'scelerisque'),
       ('risus.at.fringilla@pellentesqueSeddictum.edu', 'luctus'),
       ('enim@VivamusrhoncusDonec.ca', 'sollicitudin'),
       ('Sed@miDuis.net', 'Mauris'),
       ('Fusce.mollis.Duis@ullamcorper.co.uk', 'bibendum'),
       ('nibh@Morbi.edu', 'Lorem'),
       ('adipiscing.enim.mi@tinciduntcongueturpis.edu', 'Duis'),
       ('amet@magnaatortor.net', 'semper'),
       ('egestas.lacinia@Phasellusliberomauris.co.uk', 'consectetuer'),
       ('nunc.risus.varius@quamvel.org', 'varius'),
       ('enim@justoProin.ca', 'eu'),
       ('Donec.tempor@Cumsociis.net', 'nunc'),
       ('erat@Curabiturvellectus.ca', 'id,'),
       ('quam@odioEtiamligula.net', 'Suspendisse'),
       ('elit.pretium.et@cursuseteros.org', 'at,'),
       ('mauris.Morbi@egetipsumDonec.org', 'turpis'),
       ('Lorem@vulputateeuodio.net', 'facilisi.'),
       ('Suspendisse@felis.co.uk', 'odio.'),
       ('orci.Donec.nibh@interdum.ca', 'convallis'),
       ('quam.a.felis@nisimagna.edu', 'posuere'),
       ('luctus.sit@a.edu', 'erat'),
       ('non.enim@cursusaenim.edu', 'ipsum');

INSERT INTO accounts (id, balance)
VALUES (1, 0),
       (2, 0),
       (3, 183),
       (4, 0),
       (5, 8183),
       (6, 0),
       (7, 0),
       (8, 0),
       (9, 12000),
       (10, 0),
       (11, 0),
       (12, 0),
       (13, 0),
       (14, 0),
       (15, 0),
       (16, 0),
       (17, 0),
       (18, 0),
       (19, 0),
       (20, 0),
       (21, 0),
       (22, 0),
       (23, 0),
       (24, 0),
       (25, 0),
       (26, 0),
       (27, 0),
       (28, 0),
       (29, 0),
       (30, 0),
       (31, 0),
       (32, 0),
       (33, 0),
       (34, 0),
       (35, 0),
       (36, 0),
       (37, 0),
       (38, 0),
       (39, 0),
       (40, 0),
       (41, 0),
       (42, 0),
       (43, 0),
       (44, 0),
       (45, 0),
       (46, 0),
       (47, 0),
       (48, 0),
       (49, 0),
       (50, 0),
       (51, 0),
       (52, 0),
       (53, 0),
       (54, 0),
       (55, 0),
       (56, 0),
       (57, 0),
       (58, 0),
       (59, 0),
       (60, 0),
       (61, 0),
       (62, 0),
       (63, 0),
       (64, 0),
       (65, 0),
       (66, 0),
       (67, 0),
       (68, 0),
       (69, 0),
       (70, 0),
       (71, 0),
       (72, 0),
       (73, 0),
       (74, 0),
       (75, 0),
       (76, 0),
       (77, 0),
       (78, 0),
       (79, 0),
       (80, 0),
       (81, 0),
       (82, 0),
       (83, 0),
       (84, 0),
       (85, 0),
       (86, 0),
       (87, 0),
       (88, 0),
       (89, 0),
       (90, 0),
       (91, 0),
       (92, 0),
       (93, 0),
       (94, 0),
       (95, 0),
       (96, 0),
       (97, 0),
       (98, 0),
       (99, 0),
       (100, 0);

INSERT INTO students (id, name, surname, birth_date, city, phone_number)
VALUES (1, 'Avram', 'Collins', '2009-05-21', 'Piegaro', '+79818017192'),
       (2, 'Cathleen', 'Delacruz', '1996-03-24', 'Gols', '+79818017192'),
       (3, 'Tanner', 'Jackson', '1998-05-31', 'Dresden', '+79818017192'),
       (4, 'Lionel', 'Torres', '2008-03-11', 'Tezze sul Brenta', '+79818017192'),
       (5, 'Neve', 'Walton', '1994-09-24', 'Heppenheim', '+79818017192'),
       (6, 'Jared', 'Levy', '2004-03-08', 'Bondo', '+79818017192'),
       (7, 'Dale', 'Hodges', '1998-03-08', 'Guysborough', '+79818017192'),
       (8, 'Wallace', 'Woodard', '2011-10-25', 'Lansing', '+79818017192'),
       (9, 'Davis', 'Callahan', '2001-01-29', 'Burlington', '+79818017192'),
       (10, 'Maggy', 'Hyde', '2000-11-18', 'Lac-Serent', '+79818017192'),
       (11, 'Castor', 'Heath', '2013-04-11', 'St. Catharines', '+79818017192'),
       (12, 'Shoshana', 'Spears', '2007-04-11', 'Yeongju', '+79818017192'),
       (13, 'Aileen', 'Perez', '2005-12-29', 'Colombo', '+79818017192'),
       (14, 'Sade', 'West', '2010-02-13', 'Warrington', '+79818017192'),
       (15, 'Ginger', 'Hays', '1992-12-31', 'Girona', '+79818017192'),
       (16, 'Rylee', 'Miller', '1997-07-24', 'Lago Verde', '+79818017192'),
       (17, 'Lani', 'Mcleod', '1997-09-28', 'Sokoto', '+79818017192'),
       (18, 'Ignacia', 'Duffy', '2010-07-20', 'Malahide', '+79818017192'),
       (19, 'Jason', 'Barton', '1993-03-27', 'Castor', '+79818017192'),
       (20, 'Lynn', 'Hopkins', '1998-09-21', 'Rostock', '+79818017192'),
       (21, 'Seth', 'Oneil', '2004-09-27', 'Gressan', '+79818017192'),
       (22, 'Gabriel', 'Farmer', '2002-02-21', 'Villanovafranca', '+79818017192'),
       (23, 'Zephania', 'Hanson', '2009-07-23', 'Bhuj', '+79818017192'),
       (24, 'Preston', 'Bowen', '1999-01-28', 'Bundaberg', '+79818017192'),
       (25, 'Melvin', 'Nicholson', '2008-12-26', 'Laja', '+79818017192'),
       (26, 'Risa', 'Tyler', '2003-11-08', 'Vitrival', '+79818017192'),
       (27, 'Mary', 'Marsh', '1992-01-14', 'Froidchapelle', '+79818017192'),
       (28, 'Ross', 'Frye', '2009-11-28', 'Bikaner', '+79818017192'),
       (29, 'Tasha', 'Fields', '1995-01-14', 'Koningshooikt', '+79818017192'),
       (30, 'Rahim', 'Wells', '1996-07-25', 'Ockelbo', '+79818017192'),
       (31, 'McKenzie', 'Edwards', '2005-12-17', 'Moignelee', '+79818017192'),
       (32, 'Jordan', 'Wilkins', '2008-08-09', 'Wabamun', '+79818017192'),
       (33, 'Herrod', 'Tucker', '2000-03-11', 'Damme', '+79818017192'),
       (34, 'Xanthus', 'Larsen', '2011-07-21', 'Pamplona', '+79818017192'),
       (35, 'Audra', 'Moses', '1992-03-30', 'Magangué', '+79818017192'),
       (36, 'Pandora', 'Mullins', '2004-09-07', 'Aylmer', '+79818017192'),
       (37, 'Lisandra', 'Kinney', '2013-05-09', 'Friedrichshafen', '+79818017192'),
       (38, 'Myles', 'Carroll', '2006-11-25', 'Linsmeau', '+79818017192'),
       (39, 'Ryder', 'Bishop', '1994-08-14', 'Villata', '+79818017192'),
       (40, 'Katelyn', 'Ramirez', '2001-02-22', 'Prato Carnico', '+79818017192'),
       (41, 'Maggy', 'Jennings', '2011-10-09', 'Bangor', '+79818017192'),
       (42, 'Lilah', 'Frazier', '2003-05-18', 'Turrialba', '+79818017192'),
       (43, 'Camden', 'Sandoval', '2000-05-11', 'Kortrijk', '+79818017192'),
       (44, 'Richard', 'Morgan', '2009-01-13', 'Bhilwara', '+79818017192'),
       (45, 'Patrick', 'Andrews', '2005-04-29', 'Morinville', '+79818017192'),
       (46, 'Amos', 'Burch', '2008-05-20', 'Edinburgh', '+79818017192'),
       (47, 'Mark', 'Montgomery', '1997-02-18', 'Vico del Gargano', '+79818017192'),
       (48, 'Stella', 'Lancaster', '2007-01-12', 'Ophoven', '+79818017192'),
       (49, 'Burton', 'Sandoval', '2005-06-26', 'Mussy-la-Ville', '+79818017192'),
       (50, 'Haley', 'Tucker', '2009-12-23', 'Monterrey', '+79818017192');

INSERT INTO teachers (id, name, surname, birth_date, city, phone_number)
VALUES (51, 'Hedwig', 'Soto', '1970-12-26', 'Brandon', '+79818017192'),
       (52, 'Robert', 'Maxwell', '1974-04-21', 'Perinaldo', '+79818017192'),
       (53, 'Rahim', 'Mills', '1985-06-09', 'Cambridge Bay', '+79818017192'),
       (54, 'Jordan', 'York', '1974-06-24', 'Chelmsford', '+79818017192'),
       (55, 'Josiah', 'Camacho', '1960-12-19', 'Lampa', '+79818017192'),
       (56, 'Grady', 'Fowler', '1950-12-15', 'Wokingham', '+79818017192'),
       (57, 'Jaime', 'Barrett', '1952-08-04', 'Saltillo', '+79818017192'),
       (58, 'Uriel', 'Vaughn', '2002-12-21', 'Denver', '+79818017192'),
       (59, 'Erin', 'Mcmahon', '1986-10-18', 'SŽlange', '+79818017192'),
       (60, 'Calista', 'Fernandez', '1997-08-14', 'Vicuña', '+79818017192'),
       (61, 'Lillith', 'Mcclain', '1988-05-06', 'Oberwart', '+79818017192'),
       (62, 'Cherokee', 'Mcgowan', '1959-05-01', 'Clydebank', '+79818017192'),
       (63, 'Demetria', 'Myers', '2005-11-20', 'Valparaíso', '+79818017192'),
       (64, 'Barry', 'Hensley', '1959-08-01', 'Shawville', '+79818017192'),
       (65, 'Cassady', 'Rivera', '1971-03-28', 'Cannes', '+79818017192'),
       (66, 'Allistair', 'Robles', '1971-04-15', 'Barrie', '+79818017192'),
       (67, 'Jeanette', 'Dyer', '1999-08-30', 'Calgary', '+79818017192'),
       (68, 'Jaquelyn', 'Swanson', '1966-01-01', 'Stroud', '+79818017192'),
       (69, 'Chancellor', 'Mullins', '1954-09-22', 'Rzeszów', '+79818017192'),
       (70, 'Kuame', 'Fischer', '1964-05-07', 'Gouy-lez-PiŽton', '+79818017192'),
       (71, 'Merritt', 'Kinney', '1998-05-04', 'Timon', '+79818017192'),
       (72, 'Tarik', 'Whitney', '1955-12-09', 'Bellary', '+79818017192'),
       (73, 'Quinn', 'Moore', '2001-04-30', 'Donnas', '+79818017192'),
       (74, 'Donna', 'Leonard', '1963-01-17', 'Sujawal', '+79818017192'),
       (75, 'Aidan', 'Rosa', '1959-05-11', 'Bossut-Gottechain', '+79818017192'),
       (76, 'Ramona', 'Mcgowan', '1979-11-20', 'Bossut-Gottechain', '+79818017192'),
       (77, 'Norman', 'Grant', '1956-03-25', 'Villa Alemana', '+79818017192'),
       (78, 'Leandra', 'Langley', '1954-08-28', 'Zaffelare', '+79818017192'),
       (79, 'Maite', 'Singleton', '1962-03-30', 'Tuscaloosa', '+79818017192'),
       (80, 'Kim', 'Stanley', '1958-10-08', 'San Giovanni Suergiu', '+79818017192'),
       (81, 'Russell', 'Delaney', '1950-12-22', 'Albi', '+79818017192'),
       (82, 'Drew', 'Church', '1958-01-03', 'Vanier', '+79818017192'),
       (83, 'Tasha', 'Short', '1968-04-29', 'Volokolamsk', '+79818017192'),
       (84, 'Leandra', 'Snow', '1957-10-13', 'Kendari', '+79818017192'),
       (85, 'Rae', 'Kemp', '1962-01-09', 'Merthyr Tydfil', '+79818017192'),
       (86, 'Tashya', 'Harrington', '1988-07-20', 'Schoonaarde', '+79818017192'),
       (87, 'Rudyard', 'Delgado', '1994-05-20', 'Frutillar', '+79818017192'),
       (88, 'Aristotle', 'Williamson', '1964-11-11', 'Galashiels', '+79818017192'),
       (89, 'Kieran', 'Carroll', '1960-06-12', 'Ramillies', '+79818017192'),
       (90, 'Alexis', 'Matthews', '1973-10-17', 'San Benedetto del Tronto', '+79818017192'),
       (91, 'Talon', 'Hays', '1950-10-10', 'Flin Flon', '+79818017192'),
       (92, 'Clinton', 'George', '1974-11-25', 'Owen Sound', '+79818017192'),
       (93, 'Quentin', 'King', '1988-07-04', 'Rodgau', '+79818017192'),
       (94, 'Imogene', 'Freeman', '1975-01-28', 'Los Angeles', '+79818017192'),
       (95, 'Levi', 'George', '2001-04-12', 'High Wycombe', '+79818017192'),
       (96, 'Kadeem', 'Whitney', '1977-04-05', 'Cholet', '+79818017192'),
       (97, 'Oleg', 'Bauer', '1987-07-22', 'Tollembeek', '+79818017192'),
       (98, 'Craig', 'Nieves', '1986-01-16', 'Cauquenes', '+79818017192'),
       (99, 'Nola', 'Gross', '1956-11-25', 'Woodstock', '+79818017192'),
       (100, 'Joshua', 'Meyer', '2002-05-03', 'Knighton', '+79818017192');

INSERT INTO students_teachers (student_id, teacher_id)
VALUES (38, 57),
       (45, 91),
       (38, 88),
       (46, 58),
       (14, 99),
       (50, 84),
       (25, 77),
       (23, 62),
       (17, 58),
       (43, 78),
       (27, 70),
       (22, 91),
       (45, 67),
       (44, 87),
       (8, 72),
       (24, 95),
       (37, 52),
       (45, 84),
       (1, 83),
       (43, 93),
       (20, 74),
       (8, 85),
       (38, 98),
       (13, 85),
       (6, 88),
       (18, 91),
       (10, 58),
       (4, 98),
       (39, 56),
       (12, 66),
       (9, 79),
       (12, 71),
       (41, 76),
       (13, 76),
       (16, 58),
       (10, 86),
       (9, 91),
       (28, 81),
       (38, 52),
       (36, 64),
       (45, 99),
       (29, 88),
       (48, 95),
       (4, 97),
       (3, 95),
       (28, 91),
       (36, 70),
       (15, 75),
       (47, 83),
       (43, 80),
       (10, 57),
       (15, 95),
       (26, 68),
       (44, 75),
       (23, 57),
       (10, 61),
       (11, 76),
       (27, 63),
       (27, 68),
       (21, 83),
       (24, 83),
       (38, 63),
       (15, 99),
       (28, 93),
       (23, 60),
       (19, 70),
       (1, 94),
       (3, 94),
       (38, 78),
       (46, 59),
       (18, 87),
       (30, 86),
       (6, 52),
       (7, 77),
       (9, 77),
       (7, 52),
       (10, 59),
       (31, 79),
       (43, 70),
       (14, 87),
       (9, 78),
       (17, 83),
       (38, 77),
       (47, 60),
       (5, 94),
       (48, 81),
       (30, 69),
       (49, 64),
       (17, 52),
       (46, 73),
       (34, 77),
       (47, 68),
       (29, 57),
       (21, 76),
       (18, 78),
       (28, 72),
       (6, 87),
       (9, 55),
       (38, 89);

INSERT INTO subject_types (name)
VALUES ('Maths'),
       ('Russian'),
       ('English'),
       ('Chemistry'),
       ('Physics'),
       ('Geography'),
       ('Biology'),
       ('Society'),
       ('History');

INSERT INTO subjects (teacher_id, type_id, class_cost)
VALUES (51, 2, 5251),
       (52, 1, 2718),
       (53, 6, 1274),
       (54, 6, 3504),
       (55, 1, 3561),
       (56, 2, 5383),
       (57, 7, 1297),
       (58, 6, 6855),
       (59, 4, 2552),
       (60, 3, 831),
       (61, 9, 1432),
       (62, 1, 6330),
       (63, 5, 4947),
       (64, 6, 3320),
       (65, 7, 4711),
       (66, 7, 2022),
       (67, 8, 2040),
       (68, 1, 4707),
       (69, 6, 6473),
       (70, 1, 2645),
       (71, 3, 3371),
       (72, 1, 2575),
       (73, 1, 370),
       (74, 6, 4260),
       (75, 2, 5802),
       (76, 3, 5264),
       (77, 5, 2024),
       (78, 6, 5661),
       (79, 1, 5431),
       (80, 3, 3944),
       (81, 6, 498),
       (82, 3, 1689),
       (83, 5, 3396),
       (84, 2, 4750),
       (85, 1, 2929),
       (86, 6, 6143),
       (87, 1, 2837),
       (88, 7, 6703),
       (89, 4, 5760),
       (90, 2, 5295),
       (91, 7, 6198),
       (92, 5, 1577),
       (93, 9, 4359),
       (94, 1, 1817),
       (95, 7, 6871),
       (96, 3, 4504),
       (97, 6, 3763),
       (98, 2, 673),
       (99, 9, 1833),
       (100, 9, 3667),
       (51, 9, 1021),
       (52, 8, 1056),
       (53, 1, 3670),
       (54, 3, 4287),
       (55, 3, 6653),
       (56, 3, 4716),
       (57, 3, 873),
       (58, 7, 2715),
       (59, 6, 4803),
       (60, 1, 5350),
       (61, 8, 6763),
       (62, 1, 2183),
       (63, 8, 4084),
       (64, 5, 5599),
       (65, 3, 3782),
       (66, 3, 6951),
       (67, 7, 3729),
       (68, 2, 1474),
       (69, 9, 5379),
       (70, 5, 2199),
       (71, 9, 1736),
       (72, 9, 6400),
       (73, 8, 4342),
       (74, 9, 5933),
       (75, 4, 4834),
       (76, 7, 5144),
       (77, 3, 3167),
       (78, 1, 1716),
       (79, 9, 6039),
       (80, 8, 2814),
       (81, 6, 885),
       (82, 8, 4438),
       (83, 7, 2611),
       (84, 8, 2943),
       (85, 7, 2676),
       (86, 2, 5859),
       (87, 5, 4543),
       (88, 6, 6815),
       (89, 5, 4143),
       (90, 3, 2304),
       (91, 2, 5419),
       (92, 8, 3930),
       (93, 9, 6684),
       (94, 8, 3962),
       (95, 9, 4570),
       (96, 2, 6189),
       (97, 5, 1996),
       (98, 9, 5527),
       (99, 3, 6854),
       (100, 6, 3803);

INSERT INTO transactions_types (name)
VALUES ('Refill'),
       ('Transfer'),
       ('Withdrawal');

INSERT INTO transactions (type_id, source_account_id, target_account_id, value, date)
VALUES (1, 3, 3, 2000, TIMESTAMP '2020-12-10 8:00:00'),
       (1, 5, 5, 10000, TIMESTAMP '2020-12-10 8:00:00'),
       (1, 9, 9, 12000, TIMESTAMP '2020-12-10 8:00:00'),
       (2, 3, 94, 1817, TIMESTAMP '2020-12-10 12:01:00'),
       (2, 5, 94, 1817, TIMESTAMP '2020-12-10 12:01:00'),
       (3, 94, 94, 3634, TIMESTAMP '2020-12-10 13:00:00');

INSERT INTO classes (creator_id, subject_id, start_date, end_date)
VALUES (94, 1, TIMESTAMP '2020-12-10 10:00:00', TIMESTAMP '2020-12-10 12:00:00');

INSERT INTO classes (creator_id, subject_id, start_date, end_date)
VALUES (94, 1, TIMESTAMP '2020-12-10 10:00:00', TIMESTAMP '2020-12-10 12:00:00');

INSERT INTO classes (creator_id, subject_id, start_date, end_date)
VALUES (94, 1, TIMESTAMP '2020-12-22 8:00:00', TIMESTAMP '2020-12-22 11:00:00');



INSERT INTO classes_participants(class_id, student_id)
VALUES (1, 3),
       (1, 5),
       (1, 9);

INSERT INTO materials (teacher_id, name, size, location)
VALUES (94, 'Методичка', 124325311, './materials/Методичка.pdf'),
       (94, 'Справочник', 315136, './materials/Справочник.pdf'),
       (94, 'Пособие ОГЭ', 124325311, './materials/Пособие.pdf');

INSERT INTO class_submissions(class_id, student_id, name, size, location)
VALUES (1, 3, 'Домашка', 1253645726641, './submissions/Домашка3.pdf'),
       (1, 5, 'Домашка', 65546765877, './submissions/Домашка5.pdf'),
       (1, 9, 'Домашка', 12357721147, './submissions/Домашка9.pdf')
